state_covid_death,kantar_state_tv_daily,VIX,interest_urgent_care,CPI,SPY,kantar_state_digital_daily,Flu_indicator,covid_cases,Search.Cost,Display.Cost,Total.Visits,date
0,57.16129032,77.919998,58,252.55,243.025879,81.02387097,6,0,5751.86,1381.07,1649,1/1/2019
0,57.16129032,77.919998,58,252.55,243.025879,81.02387097,6,0,8976.68,1449.48,2193,1/2/2019
0,57.16129032,83.300003,58,252.55,237.226593,81.02387097,6,0,9135.44,1419.65,2043,1/3/2019
0,57.16129032,73.540001,58,252.55,245.172668,81.02387097,6,0,7094.76,1407.96,1898,1/4/2019
0,57.16129032,70.949997,58,252.55,247.105774,81.02387097,6,0,7202.2,1389.19,1743,1/5/2019
0,57.16129032,70.949997,46,252.55,247.105774,81.02387097,6,0,7177.48,1391.47,1699,1/6/2019
0,57.16129032,70.949997,46,252.55,247.105774,81.02387097,6,0,7883.64,1473.52,1847,1/7/2019
0,57.16129032,68.800003,46,252.55,249.427399,81.02387097,6,0,7240.05,1423.02,1668,1/8/2019
0,57.16129032,66.519997,46,252.55,250.593124,81.02387097,6,0,6586.72,1482.52,1591,1/9/2019
0,57.16129032,65.419998,46,252.55,251.477097,81.02387097,6,0,6343.39,1423.61,1444,1/10/2019
0,57.16129032,62.049999,46,252.55,251.574234,81.02387097,6,0,5938.08,1381.22,1384,1/11/2019
0,57.16129032,62.360001,46,252.55,250.039413,81.02387097,6,0,6448.93,1385.23,1391,1/12/2019
0,57.16129032,62.360001,44,252.55,250.039413,81.02387097,6,0,6702.68,1403.73,1448,1/13/2019
0,57.16129032,62.360001,44,252.55,250.039413,81.02387097,6,0,7333.67,1461.94,1740,1/14/2019
0,57.16129032,58.259998,44,252.55,252.905075,81.02387097,6,0,7107.97,1436.85,1538,1/15/2019
0,57.16129032,59.84,44,252.55,253.517014,81.02387097,6,0,6764.83,1429.69,1547,1/16/2019
0,57.16129032,58.970001,44,252.55,255.440445,81.02387097,6,0,6501.1,1411.78,1446,1/17/2019
0,57.16129032,56.849998,44,252.55,258.840332,81.02387097,6,0,6190.27,1372.95,1441,1/18/2019
0,57.16129032,64.5,44,252.55,255.343262,81.02387097,6,0,7040.35,1385.39,1499,1/19/2019
0,57.16129032,64.5,45,252.55,255.343262,81.02387097,6,0,6754.82,1381.43,1405,1/20/2019
0,57.16129032,64.5,45,252.55,255.343262,81.02387097,6,0,5977.83,1419.89,1390,1/21/2019
0,57.16129032,64.5,45,252.55,255.343262,81.02387097,6,0,7080.71,1443.98,1619,1/22/2019
0,57.16129032,63.5,45,252.55,255.877563,81.02387097,6,0,6716.76,1428.41,1652,1/23/2019
0,57.16129032,60.459999,45,252.55,256.013519,81.02387097,6,0,6036.36,1423.74,1497,1/24/2019
0,57.16129032,56.970001,45,252.55,258.179779,81.02387097,6,0,5982.16,1387.46,1563,1/25/2019
0,57.16129032,60.610001,45,252.55,256.21756,81.02387097,6,0,6226.34,1351.34,1521,1/26/2019
0,57.16129032,60.610001,46,252.55,256.21756,81.02387097,6,0,6001.95,1360.87,1569,1/27/2019
0,57.16129032,60.610001,46,252.55,256.21756,81.02387097,6,0,6942.34,1579.66,1776,1/28/2019
0,57.16129032,60.139999,46,252.55,255.877563,81.02387097,6,0,6846.33,1493.65,1551,1/29/2019
0,57.16129032,56.279999,46,252.55,259.928284,81.02387097,6,0,6075.81,1438.44,1494,1/30/2019
0,57.16129032,52.889999,46,252.55,262.211121,81.02387097,6,0,5918.7,1988.78,1278,1/31/2019
0,82.64285714,52.029999,46,253.181,262.337372,93.46964286,15,0,6229.1,1213.17,1507,2/1/2019
0,82.64285714,49.540001,46,253.181,264.183044,93.46964286,15,0,7466.28,1203.5,1443,2/2/2019
0,82.64285714,49.540001,47,253.181,264.183044,93.46964286,15,0,7695.41,1200.25,1531,2/3/2019
0,82.64285714,49.540001,47,253.181,264.183044,93.46964286,15,0,7194.62,1284.5,1872,2/4/2019
0,82.64285714,49.009998,47,253.181,265.290436,93.46964286,15,0,5349.37,1152.43,1645,2/5/2019
0,82.64285714,48.450001,47,253.181,264.940704,93.46964286,15,0,6989.59,1113.01,1618,2/6/2019
0,82.64285714,50.93,47,253.181,262.415131,93.46964286,15,0,7375.3,1128.94,1664,2/7/2019
0,82.64285714,50,47,253.181,262.735657,93.46964286,15,0,7321.89,1073.63,1556,2/8/2019
0,82.64285714,49.27,47,253.181,262.881378,93.46964286,15,0,7455.03,1075.17,1471,2/9/2019
0,82.64285714,49.27,49,253.181,262.881378,93.46964286,15,0,8054.29,1080.98,1714,2/10/2019
0,82.64285714,49.27,49,253.181,262.881378,93.46964286,15,0,8289.58,1136.52,1885,2/11/2019
0,82.64285714,47.939999,49,253.181,266.261871,93.46964286,15,0,6581.13,1158.19,1272,2/12/2019
0,82.64285714,47.689999,49,253.181,267.126373,93.46964286,15,0,6229.49,1099.84,1691,2/13/2019
0,82.64285714,48.860001,49,253.181,266.533844,93.46964286,15,0,6650.6,1094.82,1504,2/14/2019
0,82.64285714,46.490002,49,253.181,269.438354,93.46964286,15,0,7815.49,1089.47,1544,2/15/2019
0,82.64285714,46.529999,49,253.181,269.904633,93.46964286,15,0,8717.57,1090.55,1493,2/16/2019
0,82.64285714,46.529999,51,253.181,269.904633,93.46964286,15,0,8504.76,1089.72,1568,2/17/2019
0,82.64285714,46.529999,51,253.181,269.904633,93.46964286,15,0,9360.48,1147.63,1787,2/18/2019
0,82.64285714,46.529999,51,253.181,269.904633,93.46964286,15,0,9028.72,1240.53,1503,2/19/2019
0,82.64285714,43.919998,51,253.181,270.448578,93.46964286,15,0,8008.3,1147.67,1264,2/20/2019
0,82.64285714,44.619999,51,253.181,269.486908,93.46964286,15,0,9399.45,1060.59,1373,2/21/2019
0,82.64285714,42.130001,51,253.181,271.157715,93.46964286,15,0,7797.17,1153.42,1406,2/22/2019
0,82.64285714,43.240002,51,253.181,271.526855,93.46964286,15,0,8367.64,1151.84,1418,2/23/2019
0,82.64285714,43.240002,48,253.181,271.526855,93.46964286,15,0,8447.38,1163.67,1579,2/24/2019
0,82.64285714,43.240002,48,253.181,271.526855,93.46964286,15,0,5695.22,1191.82,1614,2/25/2019
0,82.64285714,43.799999,48,253.181,271.332581,93.46964286,15,0,5607.43,1032.78,1482,2/26/2019
0,82.64285714,43.900002,48,253.181,271.216064,93.46964286,15,0,4562.93,1305.49,1441,2/27/2019
0,82.64285714,43.740002,48,253.181,270.710846,93.46964286,15,0,3853.28,898.13,1270,2/28/2019
0,56.58064516,40.880001,48,254.095,272.401123,135.3106452,6,0,4541.69,538.53,1214,3/1/2019
0,56.58064516,42.380001,48,254.095,271.410309,135.3106452,6,0,6066.05,546.81,1194,3/2/2019
0,56.58064516,42.380001,51,254.095,271.410309,135.3106452,6,0,6363.64,543.12,1533,3/3/2019
0,56.58064516,42.380001,51,254.095,271.410309,135.3106452,6,0,6306.67,574.98,1412,3/4/2019
0,56.58064516,42.669998,51,254.095,271.041138,135.3106452,6,0,6201.74,260.45,1432,3/5/2019
0,56.58064516,44.470001,51,254.095,269.399475,135.3106452,6,0,6120.29,770.42,1353,3/6/2019
0,56.58064516,47.09,51,254.095,267.145813,135.3106452,6,0,5821.55,558.37,1313,3/7/2019
0,56.58064516,47.540001,51,254.095,266.611572,135.3106452,6,0,5673.41,410.93,1289,3/8/2019
0,56.58064516,42.400002,51,254.095,270.477753,135.3106452,6,0,6144.59,401.72,1385,3/9/2019
0,56.58064516,42.400002,52,254.095,270.477753,135.3106452,6,0,6030.38,398.47,1300,3/10/2019
0,56.58064516,42.400002,52,254.095,270.477753,135.3106452,6,0,6623.55,580.85,1530,3/11/2019
0,56.58064516,40.580002,52,254.095,271.497681,135.3106452,6,0,5975.21,559.35,1444,3/12/2019
0,56.58064516,39.970001,52,254.095,273.2948,135.3106452,6,0,6824.28,564.21,1376,3/13/2019
0,56.58064516,39,52,254.095,273.119934,135.3106452,6,0,6104.06,623.32,1272,3/14/2019
0,56.58064516,37.790001,52,254.095,274.46936,135.3106452,6,0,6033.1,590.4,1404,3/15/2019
0,56.58064516,37.98,52,254.095,275.464508,135.3106452,6,0,6115.2,593.74,1311,3/16/2019
0,56.58064516,37.98,53,254.095,275.464508,135.3106452,6,0,6104.02,598.63,1392,3/17/2019
0,56.58064516,37.98,53,254.095,275.464508,135.3106452,6,0,6607.75,623.88,1668,3/18/2019
0,56.58064516,38.439999,53,254.095,275.532837,135.3106452,6,0,6386.19,615.11,1534,3/19/2019
0,56.58064516,38.959999,53,254.095,274.703491,135.3106452,6,0,6574.76,594.64,1442,3/20/2019
0,56.58064516,38.139999,53,254.095,277.806213,135.3106452,6,0,6126.21,600.1,1353,3/21/2019
0,56.58064516,44.790001,53,254.095,272.459442,135.3106452,6,0,5856.16,570.82,1339,3/22/2019
0,56.58064516,44.869999,53,254.095,272.254547,135.3106452,6,0,5872.65,559.94,1284,3/23/2019
0,56.58064516,44.869999,50,254.095,272.254547,135.3106452,6,0,6240.26,567.15,1458,3/24/2019
0,56.58064516,44.869999,50,254.095,272.254547,135.3106452,6,0,6844.8,591.37,1737,3/25/2019
0,56.58064516,41.299999,50,254.095,274.283966,135.3106452,6,0,6120.42,587.38,1508,3/26/2019
0,56.58064516,42.18,50,254.095,272.849701,135.3106452,6,0,6642.61,596.69,1391,3/27/2019
0,56.58064516,40.84,50,254.095,273.883942,135.3106452,6,0,6417.03,581.23,1393,3/28/2019
0,56.58064516,38.900002,50,254.095,275.610931,135.3106452,6,0,6161.97,568.98,1358,3/29/2019
0,56.58064516,37.849998,50,254.095,278.879425,135.3106452,6,0,5696.66,540.63,1297,3/30/2019
0,56.58064516,37.849998,47,254.095,278.879425,135.3106452,6,0,4410.06,354.56,1410,3/31/2019
0,10.83333333,37.849998,47,254.943,278.879425,117.682,0,0,6045.83,13.39,1581,4/1/2019
0,10.83333333,37.720001,47,254.943,279.016022,117.682,0,0,6910.19,590.77,1496,4/2/2019
0,10.83333333,38.110001,47,254.943,279.455078,117.682,0,0,6950.45,321.93,1405,4/3/2019
0,10.83333333,37.630001,47,254.943,280.196594,117.682,0,0,6735.6,307.08,1388,4/4/2019
0,10.83333333,36.43,47,254.943,281.552826,117.682,0,0,6404.46,297.37,1287,4/5/2019
0,10.83333333,36.169998,47,254.943,281.767456,117.682,0,0,6550.28,297.45,1167,4/6/2019
0,10.83333333,36.169998,47,254.943,281.767456,117.682,0,0,6324.86,303.6,1360,4/7/2019
0,10.83333333,36.169998,47,254.943,281.767456,117.682,0,0,6526.76,516.5,1620,4/8/2019
0,10.83333333,38.07,47,254.943,280.323425,117.682,0,0,6321.86,496.47,1380,4/9/2019
0,10.83333333,36.540001,47,254.943,281.279633,117.682,0,0,6292.62,495.69,1374,4/10/2019
0,10.83333333,35.400002,47,254.943,281.201569,117.682,0,0,6069.28,492.69,1369,4/11/2019
0,10.83333333,32.970001,47,254.943,283.104156,117.682,0,0,5903.27,481.69,1289,4/12/2019
0,10.83333333,32.330002,47,254.943,282.918762,117.682,0,0,5983.61,482.55,1127,4/13/2019
0,10.83333333,32.330002,46,254.943,282.918762,117.682,0,0,6363.72,465.54,1304,4/14/2019
0,10.83333333,32.330002,46,254.943,282.918762,117.682,0,0,6530.01,499.59,1620,4/15/2019
0,10.83333333,31.98,46,254.943,283.104156,117.682,0,0,6145.09,497.34,1341,4/16/2019
0,10.83333333,32.27,46,254.943,282.411407,117.682,0,0,6193.57,539.29,1329,4/17/2019
0,10.83333333,31.559999,46,254.943,282.96756,117.682,0,0,5869.42,529.07,1323,4/18/2019
0,10.83333333,31.08,46,254.943,283.211426,117.682,0,0,5852.74,512.78,1312,4/19/2019
0,10.83333333,31.08,46,254.943,283.211426,117.682,0,0,5854.94,517.83,1214,4/20/2019
0,10.83333333,31.08,47,254.943,283.211426,117.682,0,0,5551.42,508.57,903,4/21/2019
0,10.83333333,31.08,47,254.943,283.211426,117.682,0,0,7921.9,533.69,1436,4/22/2019
0,10.83333333,30.75,47,254.943,285.757965,117.682,0,0,7828.87,364.21,1296,4/23/2019
0,10.83333333,31.799999,47,254.943,285.12384,117.682,0,0,7341.36,692.26,1264,4/24/2019
0,10.83333333,32.700001,47,254.943,284.948181,117.682,0,0,7215.52,517.29,1195,4/25/2019
0,10.83333333,31.08,47,254.943,286.275116,117.682,0,0,6972.69,515.25,1180,4/26/2019
0,10.83333333,31.82,47,254.943,286.723907,117.682,0,0,6841.53,517.25,1103,4/27/2019
0,10.83333333,31.82,46,254.943,286.723907,117.682,0,0,6891.71,512.43,1287,4/28/2019
0,10.83333333,31.82,46,254.943,286.723907,117.682,0,0,7410.37,467.39,1458,4/29/2019
0,10.83333333,31.790001,46,254.943,286.87027,117.682,0,0,6699.41,175.22,1393,4/30/2019
0,15.09677419,33.59,46,255.167,284.713989,207.8390323,0,0,7484.23,594.33,1237,5/1/2019
0,15.09677419,33.709999,46,255.167,284.099335,207.8390323,0,0,5812.1,550.39,1155,5/2/2019
0,15.09677419,31.34,46,255.167,286.880005,207.8390323,0,0,5562.21,540.24,1278,5/3/2019
0,15.09677419,33.880001,46,255.167,285.699463,207.8390323,0,0,5292.62,547.28,1157,5/4/2019
0,15.09677419,33.880001,44,255.167,285.699463,207.8390323,0,0,5401.99,514.39,1175,5/5/2019
0,15.09677419,33.880001,44,255.167,285.699463,207.8390323,0,0,5341.24,272.16,1432,5/6/2019
0,15.09677419,42.32,44,255.167,280.928345,207.8390323,0,0,5235.89,214.31,1380,5/7/2019
0,15.09677419,41.290001,44,255.167,280.538055,207.8390323,0,0,5127.49,214.67,1322,5/8/2019
0,15.09677419,41.130001,44,255.167,279.68927,207.8390323,0,0,4951.83,202.6,1275,5/9/2019
0,15.09677419,36.439999,44,255.167,281.094208,207.8390323,0,0,5866.07,202.71,1274,5/10/2019
0,15.09677419,44.25,44,255.167,274.030243,207.8390323,0,0,5861.19,197.78,1154,5/11/2019
0,15.09677419,44.25,45,255.167,274.030243,207.8390323,0,0,6228.08,200.49,1147,5/12/2019
0,15.09677419,44.25,45,255.167,274.030243,207.8390323,0,0,7351.76,218.96,1515,5/13/2019
0,15.09677419,40.799999,45,255.167,276.508484,207.8390323,0,0,6853.55,203.51,1324,5/14/2019
0,15.09677419,38.259998,45,255.167,278.128113,207.8390323,0,0,6693.16,200.04,1377,5/15/2019
0,15.09677419,35.93,45,255.167,280.703949,207.8390323,0,0,7544.96,202.95,1380,5/16/2019
0,15.09677419,36.540001,45,255.167,278.88916,207.8390323,0,0,7862.16,192.17,1408,5/17/2019
0,15.09677419,37.369999,45,255.167,277.045166,207.8390323,0,0,7374.43,193.19,1192,5/18/2019
0,15.09677419,37.369999,47,255.167,277.045166,207.8390323,0,0,6322.48,192.76,1421,5/19/2019
0,15.09677419,37.369999,47,255.167,277.045166,207.8390323,0,0,4884.71,322.62,1699,5/20/2019
0,15.09677419,34.610001,47,255.167,279.542877,207.8390323,0,0,4654.33,311.04,1430,5/21/2019
0,15.09677419,33.990002,47,255.167,278.684296,207.8390323,0,0,4721.39,306.69,1445,5/22/2019
0,15.09677419,37.349998,47,255.167,275.279175,207.8390323,0,0,4787.49,281.93,1412,5/23/2019
0,15.09677419,36.240002,47,255.167,275.903595,207.8390323,0,0,4398.36,266.13,1482,5/24/2019
0,15.09677419,37.82,47,255.167,273.337555,207.8390323,0,0,4035.99,266.21,1261,5/25/2019
0,15.09677419,37.82,53,255.167,273.337555,207.8390323,0,0,3934.63,269.17,1300,5/26/2019
0,15.09677419,37.82,53,255.167,273.337555,207.8390323,0,0,3930.18,268.67,1351,5/27/2019
0,15.09677419,37.82,53,255.167,273.337555,207.8390323,0,0,5168.8,320.27,1787,5/28/2019
0,15.09677419,38.810001,53,255.167,271.503265,207.8390323,0,0,5305.16,280.54,1487,5/29/2019
0,15.09677419,37.810001,53,255.167,272.244751,207.8390323,0,0,6302.9,267.09,1401,5/30/2019
0,15.09677419,40.139999,53,255.167,268.576202,207.8390323,0,0,6343.33,282.05,1413,5/31/2019
0,12.26666667,40.560001,53,255.402,267.89325,287.976,0,0,6437.34,286.54,1241,6/1/2019
0,12.26666667,40.560001,48,255.402,267.89325,287.976,0,0,7655.75,282.16,1383,6/2/2019
0,12.26666667,40.560001,48,255.402,267.89325,287.976,0,0,2744.61,64.98,1571,6/3/2019
0,12.26666667,37.380001,48,255.402,273.708313,287.976,0,0,3948.81,368.96,1388,6/4/2019
0,12.26666667,36.130001,48,255.402,276.079224,287.976,0,0,5504.8,372.17,1401,6/5/2019
0,12.26666667,35.09,48,255.402,277.874451,287.976,0,0,4754.07,359.96,1319,6/6/2019
0,12.26666667,35.43,48,255.402,280.655121,287.976,0,0,4783.12,341.55,1299,6/7/2019
0,12.26666667,34.98,48,255.402,281.943085,287.976,0,0,5510.24,346.74,1169,6/8/2019
0,12.26666667,34.98,47,255.402,281.943085,287.976,0,0,5643.66,350.36,1307,6/9/2019
0,12.26666667,34.98,47,255.402,281.943085,287.976,0,0,5707.73,331.12,1551,6/10/2019
0,12.26666667,35.060001,47,255.402,281.874786,287.976,0,0,4531.04,316.3,1349,6/11/2019
0,12.26666667,34.830002,47,255.402,281.377197,287.976,0,0,4689.04,328.21,1305,6/12/2019
0,12.26666667,34.560001,47,255.402,282.538208,287.976,0,0,4722.45,317.71,1260,6/13/2019
0,12.26666667,34.080002,47,255.402,282.226044,287.976,0,0,4925.1,308.72,1271,6/14/2019
0,12.26666667,33.5,47,255.402,282.333344,287.976,0,0,5351.77,302.36,1258,6/15/2019
0,12.26666667,33.5,46,255.402,282.333344,287.976,0,0,5395.82,308.67,1252,6/16/2019
0,12.26666667,33.5,46,255.402,282.333344,287.976,0,0,5767.63,325.53,1480,6/17/2019
0,12.26666667,33.110001,46,255.402,285.289642,287.976,0,0,4567.8,324.64,1224,6/18/2019
0,12.26666667,31.360001,46,255.402,285.933624,287.976,0,0,4995.6,315.56,1256,6/19/2019
0,12.26666667,31.629999,46,255.402,288.665497,287.976,0,0,5018.19,319.49,1254,6/20/2019
0,12.26666667,32.650002,46,255.402,288.245911,287.976,0,0,5107.08,299.98,1250,6/21/2019
0,12.26666667,32.130001,46,255.402,287.892944,287.976,0,0,5701.3,306.32,1164,6/22/2019
0,12.26666667,32.130001,47,255.402,287.892944,287.976,0,0,5882.36,305.67,1276,6/23/2019
0,12.26666667,32.130001,47,255.402,287.892944,287.976,0,0,5275.96,323.13,1524,6/24/2019
0,12.26666667,33.470001,47,255.402,285.069305,287.976,0,0,5058.72,119.18,1276,6/25/2019
0,12.26666667,32.990002,47,255.402,284.785004,287.976,0,0,5095.74,113.37,1264,6/26/2019
0,12.26666667,32.189999,47,255.402,285.79483,287.976,0,0,4523.17,103.07,1213,6/27/2019
0,12.26666667,31.49,47,255.402,287.265442,287.976,0,0,4807.71,99.38,1277,6/28/2019
0,12.26666667,28.91,47,255.402,289.873413,287.976,0,0,5283.83,95.68,1241,6/29/2019
0,12.26666667,28.91,50,255.402,289.873413,287.976,0,0,2296.82,89.21,1228,6/30/2019
0,21.61290323,28.91,50,256.087,289.873413,3.918709677,0,0,213.08,49.55,1411,7/1/2019
0,21.61290323,27.299999,50,256.087,290.628326,3.918709677,0,0,210.11,0,1339,7/2/2019
0,21.61290323,27,50,256.087,292.951935,3.918709677,0,0,213.25,0,1381,7/3/2019
0,21.61290323,27.15,50,256.087,292.618591,3.918709677,0,0,198.17,0,911,7/4/2019
0,21.61290323,27.15,50,256.087,292.618591,3.918709677,0,0,240.5,0,1567,7/5/2019
0,21.61290323,28.33,50,256.087,291.010712,3.918709677,0,0,240.38,0,1264,7/6/2019
0,21.61290323,28.33,49,256.087,291.010712,3.918709677,0,0,229.57,0,1277,7/7/2019
0,21.61290323,28.33,49,256.087,291.010712,3.918709677,0,0,245.96,0,1530,7/8/2019
0,21.61290323,28.42,49,256.087,291.373474,3.918709677,0,0,1346.55,0,1296,7/9/2019
0,21.61290323,27.110001,49,256.087,292.765656,3.918709677,0,0,4521.91,0,1245,7/10/2019
0,21.61290323,26.450001,49,256.087,293.451996,3.918709677,0,0,7453.88,0,1205,7/11/2019
0,21.61290323,25.76,49,256.087,294.765747,3.918709677,0,0,9731.32,0,1316,7/12/2019
0,21.61290323,25.67,49,256.087,294.8638,3.918709677,0,0,9067.46,0,1159,7/13/2019
0,21.61290323,25.67,48,256.087,294.8638,3.918709677,0,0,9670.88,0,1261,7/14/2019
0,21.61290323,25.67,48,256.087,294.8638,3.918709677,0,0,9794.51,0,1458,7/15/2019
0,21.61290323,25.82,48,256.087,293.912781,3.918709677,0,0,10094.07,0,1279,7/16/2019
0,21.61290323,26.66,48,256.087,291.91272,3.918709677,0,0,9608.86,0,1222,7/17/2019
0,21.61290323,26.360001,48,256.087,292.981354,3.918709677,0,0,9064.92,0,1223,7/18/2019
0,21.61290323,26.75,48,256.087,291.353912,3.918709677,0,0,6714.24,0,1213,7/19/2019
0,21.61290323,26,48,256.087,292.06958,3.918709677,0,0,7454.86,0,1094,7/20/2019
0,21.61290323,26,46,256.087,292.06958,3.918709677,0,0,5487.24,0,1206,7/21/2019
0,21.61290323,26,46,256.087,292.06958,3.918709677,0,0,4051.08,3.25,1351,7/22/2019
0,21.61290323,24.59,46,256.087,294.157898,3.918709677,0,0,8311.1,267.59,1271,7/23/2019
0,21.61290323,23.629999,46,256.087,295.540283,3.918709677,0,0,9030.51,483.32,1258,7/24/2019
0,21.61290323,24.639999,46,256.087,294.128479,3.918709677,0,0,6110.6,676.92,1192,7/25/2019
0,21.61290323,23.780001,46,256.087,296.099121,3.918709677,0,0,4723.38,250.97,1254,7/26/2019
0,21.61290323,24.030001,46,256.087,295.559875,3.918709677,0,0,4810.77,247.12,1120,7/27/2019
0,21.61290323,24.030001,47,256.087,295.559875,3.918709677,0,0,4838.68,249.61,1230,7/28/2019
0,21.61290323,24.030001,47,256.087,295.559875,3.918709677,0,0,4090.27,253.06,1405,7/29/2019
0,21.61290323,24.93,47,256.087,294.834351,3.918709677,0,0,3971.91,455.24,1296,7/30/2019
0,21.61290323,26.99,47,256.087,291.608765,3.918709677,0,0,4401,390.91,1171,7/31/2019
0,27.4516129,30.120001,47,256.294,289.069489,2.343548387,0,0,2353.3,488.99,1236,8/1/2019
0,27.4516129,30.6,47,256.294,286.892883,2.343548387,0,0,4777.6,492.52,1271,8/2/2019
0,27.4516129,37.009998,47,256.294,278.265137,2.343548387,0,0,5086.5,481.78,1175,8/3/2019
0,27.4516129,37.009998,50,256.294,278.265137,2.343548387,0,0,3753.36,490.99,1212,8/4/2019
0,27.4516129,37.009998,50,256.294,278.265137,2.343548387,0,0,3900.74,514.98,1410,8/5/2019
0,27.4516129,33.5,50,256.294,282.167236,2.343548387,0,0,3355.37,507.19,1254,8/6/2019
0,27.4516129,33.830002,50,256.294,282.333954,2.343548387,0,0,2969.2,325.1,1228,8/7/2019
0,27.4516129,30.799999,50,256.294,287.873322,2.343548387,0,0,2618.5,184.5,1097,8/8/2019
0,27.4516129,32.470001,50,256.294,285.912476,2.343548387,0,0,3476.59,77.21,1182,8/9/2019
0,27.4516129,35.990002,50,256.294,282.432007,2.343548387,0,0,4276.8,79.81,1110,8/10/2019
0,27.4516129,35.990002,48,256.294,282.432007,2.343548387,0,0,5052.78,76.73,1179,8/11/2019
0,27.4516129,35.990002,48,256.294,282.432007,2.343548387,0,0,3565.21,82.94,1367,8/12/2019
0,27.4516129,31.99,48,256.294,286.82428,2.343548387,0,0,3744.77,80.07,1169,8/13/2019
0,27.4516129,38.580002,48,256.294,278.343597,2.343548387,0,0,5276.27,78.46,1218,8/14/2019
0,27.4516129,37.23,48,256.294,279.078888,2.343548387,0,0,4130.28,313.79,1164,8/15/2019
0,27.4516129,34.139999,48,256.294,283.196716,2.343548387,0,0,5324.34,300.67,1268,8/16/2019
0,27.4516129,30.379999,48,256.294,286.608582,2.343548387,0,0,5573.18,249.7,1172,8/17/2019
0,27.4516129,30.379999,46,256.294,286.608582,2.343548387,0,0,5328.73,249.98,1258,8/18/2019
0,27.4516129,30.379999,46,256.294,286.608582,2.343548387,0,0,4368.71,318.32,1397,8/19/2019
0,27.4516129,31.5,46,256.294,284.412445,2.343548387,0,0,5032,319.05,1241,8/20/2019
0,27.4516129,29.1,46,256.294,286.726257,2.343548387,0,0,6170.7,302.55,1246,8/21/2019
0,27.4516129,29.77,46,256.294,286.63797,2.343548387,0,0,6007.03,304.95,1161,8/22/2019
0,27.4516129,35.32,46,256.294,279.275024,2.343548387,0,0,6694.42,293.42,1180,8/23/2019
0,27.4516129,34,46,256.294,282.363342,2.343548387,0,0,6333.16,291.62,1079,8/24/2019
0,27.4516129,34,46,256.294,282.363342,2.343548387,0,0,9372.04,301.7,1183,8/25/2019
0,27.4516129,34,46,256.294,282.363342,2.343548387,0,0,7838.72,312.22,1354,8/26/2019
0,27.4516129,34.869999,46,256.294,281.255432,2.343548387,0,0,3334.91,305.96,1228,8/27/2019
0,27.4516129,33.759998,46,256.294,283.235931,2.343548387,0,0,1467.7,304.5,1110,8/28/2019
0,27.4516129,31.67,46,256.294,286.853699,2.343548387,0,0,1979.64,304.78,1167,8/29/2019
0,27.4516129,31.75,46,256.294,286.726257,2.343548387,0,0,2244.7,285.46,1237,8/30/2019
0,27.4516129,34.049999,46,256.294,285.049683,2.343548387,0,0,2710.42,255.62,1148,8/31/2019
0,17.63333333,34.049999,49,256.593,285.049683,21.144,0,0,2743.97,404.1,1206,9/1/2019
0,17.63333333,34.049999,49,256.593,285.049683,21.144,0,0,4660.8,404.55,1218,9/2/2019
0,17.63333333,34.049999,49,256.593,285.049683,21.144,0,0,4059.16,425.55,1318,9/3/2019
0,17.63333333,30.879999,49,256.593,288.285126,21.144,0,0,5237.88,416.37,1186,9/4/2019
0,17.63333333,29.15,49,256.593,291.99115,21.144,0,0,8267.48,392.89,1099,9/5/2019
0,17.63333333,27.809999,49,256.593,292.216644,21.144,0,0,10940.89,373.65,1112,9/6/2019
0,17.63333333,27.43,49,256.593,292.363708,21.144,0,0,11600.03,374.41,1094,9/7/2019
0,17.63333333,27.43,46,256.593,292.363708,21.144,0,0,12001.29,371.48,1214,9/8/2019
0,17.63333333,27.43,46,256.593,292.363708,21.144,0,0,13203.18,388.86,1415,9/9/2019
0,17.63333333,27.299999,46,256.593,292.295074,21.144,0,0,12180.01,399.36,1256,9/10/2019
0,17.63333333,26.610001,46,256.593,294.373596,21.144,0,0,9173.61,362.79,1257,9/11/2019
0,17.63333333,25.65,46,256.593,295.393219,21.144,0,0,9967.51,378.35,1245,9/12/2019
0,17.63333333,25.110001,46,256.593,295.197144,21.144,0,0,10013.83,377.13,1170,9/13/2019
0,17.63333333,25.65,46,256.593,294.285339,21.144,0,0,10770.19,380.68,1184,9/14/2019
0,17.63333333,25.65,47,256.593,294.285339,21.144,0,0,11758.53,379.47,1355,9/15/2019
0,17.63333333,25.65,47,256.593,294.285339,21.144,0,0,11120.42,401.34,1585,9/16/2019
0,17.63333333,25.459999,47,256.593,295.030457,21.144,0,0,10374.91,399.88,1393,9/17/2019
0,17.63333333,24.209999,47,256.593,295.20694,21.144,0,0,7588.94,416.76,1412,9/18/2019
0,17.63333333,23.610001,47,256.593,295.187317,21.144,0,0,4189.64,403.6,1409,9/19/2019
0,17.63333333,25.34,47,256.593,293.792633,21.144,0,0,6611.94,401.08,1415,9/20/2019
0,17.63333333,25.040001,47,256.593,293.723663,21.144,0,0,8308.97,406.89,1263,9/21/2019
0,17.63333333,25.040001,48,256.593,293.723663,21.144,0,0,8323.07,426.11,1430,9/22/2019
0,17.63333333,25.040001,48,256.593,293.723663,21.144,0,0,7874.75,549.45,1769,9/23/2019
0,17.63333333,26.780001,48,256.593,291.418884,21.144,0,0,7153.77,413.99,1505,9/24/2019
0,17.63333333,25.83,48,256.593,293.142548,21.144,0,0,7000.41,406.96,1475,9/25/2019
0,17.63333333,26.16,48,256.593,292.531891,21.144,0,0,4638.08,402.48,1355,9/26/2019
0,17.63333333,27.209999,48,256.593,290.955963,21.144,0,0,2037.5,382.8,1361,9/27/2019
0,17.63333333,26.040001,48,256.593,292.305328,21.144,0,0,2381.56,378.57,1303,9/28/2019
0,17.63333333,26.040001,46,256.593,292.305328,21.144,0,0,1380.9,379.21,1222,9/29/2019
0,17.63333333,26.040001,46,256.593,292.305328,21.144,0,0,964.91,360.35,1598,9/30/2019
0,20.70967742,27.620001,46,257.229,288.82843,12.38903226,1,0,4718.2,463.07,1506,10/1/2019
0,20.70967742,30.58,46,257.229,283.726379,12.38903226,1,0,8200.35,446.26,1410,10/2/2019
0,20.70967742,28.809999,46,257.229,286.050903,12.38903226,1,0,7552.69,442.8,1276,10/3/2019
0,20.70967742,26.450001,46,257.229,289.921753,12.38903226,1,0,9251.18,440.93,1300,10/4/2019
0,20.70967742,26.85,46,257.229,288.670868,12.38903226,1,0,9092.16,425.24,1156,10/5/2019
0,20.70967742,26.85,45,257.229,288.670868,12.38903226,1,0,10210.6,421.45,1220,10/6/2019
0,20.70967742,26.85,45,257.229,288.670868,12.38903226,1,0,11332.71,466.1,1629,10/7/2019
0,20.70967742,30.07,45,257.229,284.189331,12.38903226,1,0,11259.51,482.42,1327,10/8/2019
0,20.70967742,28.42,45,257.229,286.888092,12.38903226,1,0,11107.14,418.37,1290,10/9/2019
0,20.70967742,27.059999,45,257.229,288.82843,12.38903226,1,0,10777.94,409.87,1351,10/10/2019
0,20.70967742,24.610001,45,257.229,291.822723,12.38903226,1,0,10842,389.27,1258,10/11/2019
0,20.70967742,23.440001,45,257.229,291.497681,12.38903226,1,0,11229.52,386.11,1234,10/12/2019
0,20.70967742,23.440001,48,257.229,291.497681,12.38903226,1,0,11200.32,382.2,1242,10/13/2019
0,20.70967742,23.440001,48,257.229,291.497681,12.38903226,1,0,7991.47,554.26,1511,10/14/2019
0,20.70967742,22.48,48,257.229,294.383606,12.38903226,1,0,10224.04,438.57,1441,10/15/2019
0,20.70967742,22.059999,48,257.229,293.910828,12.38903226,1,0,11307.33,468.74,1291,10/16/2019
0,20.70967742,21.860001,48,257.229,294.777588,12.38903226,1,0,10803.85,464.25,1276,10/17/2019
0,20.70967742,21.780001,48,257.229,293.487305,12.38903226,1,0,9884.35,397.61,1350,10/18/2019
0,20.70967742,20.92,48,257.229,295.476868,12.38903226,1,0,10416.59,397.13,1137,10/19/2019
0,20.70967742,20.92,46,257.229,295.476868,12.38903226,1,0,10477.38,402.51,1310,10/20/2019
0,20.70967742,20.92,46,257.229,295.476868,12.38903226,1,0,12010.61,558.36,1636,10/21/2019
0,20.70967742,21.4,46,257.229,294.511658,12.38903226,1,0,10018.33,567.11,1422,10/22/2019
0,20.70967742,21.040001,46,257.229,295.368561,12.38903226,1,0,11278.68,539.13,1401,10/23/2019
0,20.70967742,20.549999,46,257.229,295.851196,12.38903226,1,0,10093.59,446.19,1297,10/24/2019
0,20.70967742,19.57,46,257.229,297.062683,12.38903226,1,0,9382.32,423.91,1328,10/25/2019
0,20.70967742,19.85,46,257.229,298.737091,12.38903226,1,0,9384.42,419.74,1156,10/26/2019
0,20.70967742,19.85,45,257.229,298.737091,12.38903226,1,0,9691.95,417.3,1205,10/27/2019
0,20.70967742,19.85,45,257.229,298.737091,12.38903226,1,0,12075.86,564.59,1675,10/28/2019
0,20.70967742,19.83,45,257.229,298.648468,12.38903226,1,0,10509.46,502.23,1441,10/29/2019
0,20.70967742,19.120001,45,257.229,299.564484,12.38903226,1,0,9689.37,452.48,1397,10/30/2019
0,20.70967742,19.5,45,257.229,298.766663,12.38903226,1,0,7498.13,154.66,1118,10/31/2019
0,28.83333333,18.200001,45,257.824,301.534393,0.453,1,0,9202.46,0,1245,11/1/2019
0,28.83333333,18.27,45,257.824,302.74588,0.453,1,0,9416.15,0,1264,11/2/2019
0,28.83333333,18.27,50,257.824,302.74588,0.453,1,0,9377.91,0,1337,11/3/2019
0,28.83333333,18.27,50,257.824,302.74588,0.453,1,0,12612.89,211.05,1604,11/4/2019
0,28.83333333,18.780001,50,257.824,302.41098,0.453,1,0,12406.9,1062.53,1489,11/5/2019
0,28.83333333,18.68,50,257.824,302.479919,0.453,1,0,10031.97,634.84,1448,11/6/2019
0,28.83333333,18.440001,50,257.824,303.543671,0.453,1,0,10381.23,624.96,1392,11/7/2019
0,28.83333333,17.85,50,257.824,304.292267,0.453,1,0,9484.79,599.3,1254,11/8/2019
0,28.83333333,17.780001,50,257.824,303.711151,0.453,1,0,9221.82,686.46,1287,11/9/2019
0,28.83333333,17.780001,49,257.824,303.711151,0.453,1,0,9626.18,650.09,1324,11/10/2019
0,28.83333333,17.780001,49,257.824,303.711151,0.453,1,0,13048.2,687.21,1658,11/11/2019
0,28.83333333,17.469999,49,257.824,304.351349,0.453,1,0,10420.25,675.7,1463,11/12/2019
0,28.83333333,17.6,49,257.824,304.44986,0.453,1,0,10116.76,609.93,1369,11/13/2019
0,28.83333333,17.24,49,257.824,304.893066,0.453,1,0,9813.24,589.07,1429,11/14/2019
0,28.83333333,16.120001,49,257.824,307.099396,0.453,1,0,10334.77,568.86,1397,11/15/2019
0,28.83333333,16.08,49,257.824,307.325897,0.453,1,0,9785.13,574.38,1283,11/16/2019
0,28.83333333,16.08,49,257.824,307.325897,0.453,1,0,10145.17,565.69,1477,11/17/2019
0,28.83333333,16.08,49,257.824,307.325897,0.453,1,0,14442.45,613.88,1747,11/18/2019
0,28.83333333,16.32,49,257.824,307.237274,0.453,1,0,11032.3,562.46,1570,11/19/2019
0,28.83333333,16.540001,49,257.824,306.094727,0.453,1,0,11760.61,504.87,1570,11/20/2019
0,28.83333333,16.639999,49,257.824,305.602234,0.453,1,0,9573.32,477.91,1477,11/21/2019
0,28.83333333,15.87,49,257.824,306.281891,0.453,1,0,9548.48,495.44,1436,11/22/2019
0,28.83333333,14.85,49,257.824,308.655609,0.453,1,0,9177.06,479.02,1444,11/23/2019
0,28.83333333,14.85,55,257.824,308.655609,0.453,1,0,8971.38,475.79,1516,11/24/2019
0,28.83333333,14.85,55,257.824,308.655609,0.453,1,0,14027.36,655.81,1879,11/25/2019
0,28.83333333,14.54,55,257.824,309.354919,0.453,1,0,9331.83,478.1,1655,11/26/2019
0,28.83333333,14.42,55,257.824,310.733856,0.453,1,0,10125.67,449.7,1774,11/27/2019
0,28.83333333,14.84,55,257.824,309.581451,0.453,1,0,5870.86,303.44,931,11/28/2019
0,28.83333333,14.84,55,257.824,309.581451,0.453,1,0,17366.73,404.42,2011,11/29/2019
0,28.83333333,15.87,55,257.824,306.951691,0.453,1,0,10940.3,411.8,1696,11/30/2019
0,135.1612903,15.87,49,258.444,306.951691,2.462903226,7,0,11024.89,390.45,1647,12/1/2019
0,135.1612903,15.87,49,258.444,306.951691,2.462903226,7,0,11427.79,599.42,1761,12/2/2019
0,135.1612903,17.43,49,258.444,304.893066,2.462903226,7,0,8992.71,419.84,1706,12/3/2019
0,135.1612903,16.24,49,258.444,306.774323,2.462903226,7,0,8918.11,451.19,1758,12/4/2019
0,135.1612903,15.91,49,258.444,307.325897,2.462903226,7,0,8936.97,465.1,1642,12/5/2019
0,135.1612903,15.12,49,258.444,310.133057,2.462903226,7,0,8569.77,422.11,1527,12/6/2019
0,135.1612903,16.24,49,258.444,309.157959,2.462903226,7,0,8226.98,414.85,1563,12/7/2019
0,135.1612903,16.24,50,258.444,309.157959,2.462903226,7,0,8246.82,425.44,1670,12/8/2019
0,135.1612903,16.24,50,258.444,309.157959,2.462903226,7,0,6505.79,285.95,1870,12/9/2019
0,135.1612903,16.27,50,258.444,308.813232,2.462903226,7,0,0,0,1623,12/10/2019
0,135.1612903,15.73,50,258.444,309.68985,2.462903226,7,0,0,0,1480,12/11/2019
0,135.1612903,14.45,50,258.444,312.35907,2.462903226,7,0,17937.73,11.41,1596,12/12/2019
0,135.1612903,13.47,50,258.444,312.546204,2.462903226,7,0,17741.37,1121.12,1592,12/13/2019
0,135.1612903,13.02,50,258.444,314.69339,2.462903226,7,0,16469.33,589.11,1710,12/14/2019
0,135.1612903,13.02,53,258.444,314.69339,2.462903226,7,0,11438.37,542.78,1712,12/15/2019
0,135.1612903,13.02,53,258.444,314.69339,2.462903226,7,0,11830.32,688.13,2098,12/16/2019
0,135.1612903,12.86,53,258.444,314.76236,2.462903226,7,0,11298.2,658.04,1753,12/17/2019
0,135.1612903,13.09,53,258.444,314.782043,2.462903226,7,0,11133.78,653.29,1813,12/18/2019
0,135.1612903,12.58,53,258.444,316.072327,2.462903226,7,0,10730.97,635.4,1721,12/19/2019
0,135.1612903,12.8,53,258.444,317.458038,2.462903226,7,0,10650.13,2362.75,1787,12/20/2019
0,135.1612903,12.88,53,258.444,317.943054,2.462903226,7,0,10523.91,2484.97,1928,12/21/2019
0,135.1612903,12.88,80,258.444,317.943054,2.462903226,7,0,11063.61,2509.43,2111,12/22/2019
0,135.1612903,12.88,80,258.444,317.943054,2.462903226,7,0,12446.41,2565.35,2384,12/23/2019
0,135.1612903,12.68,80,258.444,317.952972,2.462903226,7,0,11377.63,2541.38,1981,12/24/2019
0,135.1612903,12.64,80,258.444,319.645508,2.462903226,7,0,10696.22,2528.72,1398,12/25/2019
0,135.1612903,12.64,80,258.444,319.645508,2.462903226,7,0,16170.6,2724.18,2852,12/26/2019
0,135.1612903,13.03,80,258.444,319.566284,2.462903226,7,0,11629.81,2586.56,2530,12/27/2019
0,135.1612903,13.74,80,258.444,317.804443,2.462903226,7,0,10256.14,2539.03,2248,12/28/2019
0,135.1612903,13.74,75,258.444,317.804443,2.462903226,7,0,9260.28,2558.04,2238,12/29/2019
0,135.1612903,13.74,75,258.444,317.804443,2.462903226,7,0,10884.74,2615.17,2479,12/30/2019
0,135.1612903,12.89,75,258.444,318.576508,2.462903226,7,0,16780.54,2592.08,2490,12/31/2019
0,1.387096774,12.13,75,258.82,321.555786,5.637741935,6,0,17200,610.14,2132,1/1/2020
0,1.387096774,12.13,75,258.82,321.555786,5.637741935,6,0,11156.06,419.61,2581,1/2/2020
0,1.387096774,13.01,75,258.82,319.120911,5.637741935,6,0,7432.36,564.36,2372,1/3/2020
0,1.387096774,12.82,75,258.82,320.338379,5.637741935,6,0,7416.55,0,2235,1/4/2020
0,1.387096774,12.82,58,258.82,320.338379,5.637741935,6,0,7319.86,0,2103,1/5/2020
0,1.387096774,12.82,58,258.82,320.338379,5.637741935,6,0,7711.11,0,2391,1/6/2020
0,1.387096774,12.73,58,258.82,319.437653,5.637741935,6,0,6624.63,0,2148,1/7/2020
0,1.387096774,12.37,58,258.82,321.140106,5.637741935,6,0,6699.89,0,2047,1/8/2020
0,1.387096774,11.68,58,258.82,323.317627,5.637741935,6,0,6298.59,0,1871,1/9/2020
0,1.387096774,11.59,58,258.82,322.387207,5.637741935,6,0,5969.46,0,1901,1/10/2020
0,1.387096774,11.13,58,258.82,324.604401,5.637741935,6,0,7893.7,0,1830,1/11/2020
0,1.387096774,11.13,54,258.82,324.604401,5.637741935,6,0,8249.23,0,2037,1/12/2020
0,1.387096774,11.13,54,258.82,324.604401,5.637741935,6,0,8896.96,0,2229,1/13/2020
0,1.387096774,11.03,54,258.82,324.109497,5.637741935,6,0,6501.99,0,2060,1/14/2020
0,1.387096774,10.97,54,258.82,324.841919,5.637741935,6,0,6015.26,0,1985,1/15/2020
0,1.387096774,10.58,54,258.82,327.544098,5.637741935,6,0,5896.85,0,1759,1/16/2020
0,1.387096774,10.62,54,258.82,328.563599,5.637741935,6,0,5420.1,0,1619,1/17/2020
0,1.387096774,10.74,54,258.82,327.920227,5.637741935,6,0,5848.21,0,1539,1/18/2020
0,1.387096774,10.74,57,258.82,327.920227,5.637741935,6,0,5851.16,0,1714,1/19/2020
0,1.387096774,10.74,57,258.82,327.920227,5.637741935,6,0,6199.56,0,2061,1/20/2020
0,1.387096774,10.74,57,258.82,327.920227,5.637741935,6,0,5825.55,0,2107,1/21/2020
0,1.387096774,10.83,57,258.82,327.959808,5.637741935,6,1,12709.34,0,2006,1/22/2020
0,1.387096774,10.76,57,258.82,328.335938,5.637741935,6,0,12854.44,0,2000,1/23/2020
0,1.387096774,11.72,57,258.82,325.416016,5.637741935,6,1,12835.81,0,1832,1/24/2020
0,1.387096774,13.55,57,258.82,320.199799,5.637741935,6,0,13042.73,0,1642,1/25/2020
0,1.387096774,13.55,59,258.82,320.199799,5.637741935,6,3,12877.41,0,2036,1/26/2020
0,1.387096774,13.55,59,258.82,320.199799,5.637741935,6,0,15475.83,0,2338,1/27/2020
0,1.387096774,12.38,59,258.82,323.555206,5.637741935,6,0,15861.28,0,2148,1/28/2020
0,1.387096774,12.4,59,258.82,323.287933,5.637741935,6,0,13010.75,0,1980,1/29/2020
0,1.387096774,12.1,59,258.82,324.337128,5.637741935,6,0,13802.49,0,1845,1/30/2020
0,1.387096774,14.1,59,258.82,318.447845,5.637741935,6,2,14297.14,0,1807,1/31/2020
0,0,13.4,59,259.05,320.813446,3.564482759,15,1,19696.06,0,1819,2/1/2020
0,0,13.4,58,259.05,320.813446,3.564482759,15,0,19408.43,0,1926,2/2/2020
0,0,13.4,58,259.05,320.813446,3.564482759,15,3,10475.31,0,2333,2/3/2020
0,0,12.31,58,259.05,325.703064,3.564482759,15,0,7284.68,0,2188,2/4/2020
0,0,11.59,58,259.05,329.464294,3.564482759,15,0,6987.04,0,2002,2/5/2020
0,0,11.39,58,259.05,330.572876,3.564482759,15,0,7184.72,0,1897,2/6/2020
0,0,11.62,58,259.05,328.811035,3.564482759,15,0,6638.41,0,1740,2/7/2020
0,0,11.43,58,259.05,331.265717,3.564482759,15,0,7081.27,0,1657,2/8/2020
0,0,11.43,56,259.05,331.265717,3.564482759,15,0,7892.3,0,1932,2/9/2020
0,0,11.43,56,259.05,331.265717,3.564482759,15,0,7571.22,0,2088,2/10/2020
0,0,11.45,56,259.05,331.839813,3.564482759,15,1,6777.98,0,1959,2/11/2020
0,0,10.59,56,259.05,333.977783,3.564482759,15,0,7443.21,0,1846,2/12/2020
0,0,10.9,56,259.05,333.621429,3.564482759,15,1,7798.74,0,1629,2/13/2020
0,0,10.69,56,259.05,334.155945,3.564482759,15,0,7749.83,84.95,1526,2/14/2020
0,0,10.96,56,259.05,333.2948,3.564482759,15,0,8270.61,1480.73,1503,2/15/2020
0,0,10.96,57,259.05,333.2948,3.564482759,15,0,8152.92,1479.98,1551,2/16/2020
0,0,10.96,57,259.05,333.2948,3.564482759,15,0,8731.45,1481.63,1850,2/17/2020
0,0,10.96,57,259.05,333.2948,3.564482759,15,0,8596.84,1467.96,1665,2/18/2020
0,0,10.72,57,259.05,334.888397,3.564482759,15,0,7136.43,1480.41,1616,2/19/2020
0,0,11.27,57,259.05,333.512573,3.564482759,15,0,8207.94,1484.63,1493,2/20/2020
0,0,12.34,57,259.05,330.077972,3.564482759,15,2,8443.08,1483.47,1388,2/21/2020
0,0,15.72,57,259.05,319.130829,3.564482759,15,0,9343.16,1487.78,1511,2/22/2020
0,0,15.72,56,259.05,319.130829,3.564482759,15,0,8819.31,1476.06,1562,2/23/2020
0,0,15.72,56,259.05,319.130829,3.564482759,15,0,8677.18,1450.86,1768,2/24/2020
0,0,17.940001,56,259.05,309.460449,3.564482759,15,0,6557.62,1459.11,1612,2/25/2020
0,0,17.42,56,259.05,308.322205,3.564482759,15,0,8891.69,1462.94,1620,2/26/2020
0,0,21.709999,56,259.05,294.474915,3.564482759,15,1,8019.91,1531.86,1501,2/27/2020
0,0,22.92,56,259.05,293.237701,3.564482759,15,0,6952.03,1530.7,1423,2/28/2020
0,0,21.690001,56,259.05,305.936768,3.564482759,15,8,4574.51,1540.66,1381,2/29/2020
0,5.870967742,21.690001,53,257.953,305.936768,0.918387097,6,6,4924.41,0,1493,3/1/2020
0,5.870967742,21.690001,53,257.953,305.936768,0.918387097,6,23,8678.39,375.74,1844,3/2/2020
0,5.870967742,25.49,53,257.953,297.177063,0.918387097,6,25,6884.56,557.52,1636,3/3/2020
0,5.870967742,23.25,53,257.953,309.668304,0.918387097,6,20,7578.22,550.81,1655,3/4/2020
0,5.870967742,28.709999,53,257.953,299.37442,0.918387097,6,66,6692.51,550.41,1514,3/5/2020
0,5.870967742,33.450001,53,257.953,294.425415,0.918387097,6,47,8127.34,557.72,1510,3/6/2020
0,5.870967742,45.77,53,257.953,271.432434,0.918387097,6,64,6968.76,561.36,1422,3/7/2020
0,5.870967742,45.77,54,257.953,271.432434,0.918387097,6,147,7995.15,537.42,1454,3/8/2020
0,5.870967742,45.77,54,257.953,271.432434,0.918387097,6,225,9712.91,558.86,1966,3/9/2020
0,5.870967742,40.450001,54,257.953,285.477692,0.918387097,6,290,7184.79,559.2,1912,3/10/2020
0,5.870967742,48.220001,54,257.953,271.561066,0.918387097,6,278,7795.94,561.02,1947,3/11/2020
0,5.870967742,65.019997,54,257.953,245.578888,0.918387097,6,414,12568.11,559.31,2243,3/12/2020
0,5.870967742,57.240002,54,257.953,266.57251,0.918387097,6,267,9007.41,562.35,1975,3/13/2020
0,5.870967742,90.139999,54,257.953,237.403152,0.918387097,6,338,9350.97,562.33,1449,3/14/2020
3,5.870967742,90.139999,51,257.953,237.403152,0.918387097,6,1237,8788.61,562.7,1533,3/15/2020
7,5.870967742,90.139999,51,257.953,237.403152,0.918387097,6,755,10243.01,252.54,1718,3/16/2020
7,5.870967742,87.230003,51,257.953,250.221039,0.918387097,6,2797,9259.18,0,1603,3/17/2020
12,5.870967742,110.629997,51,257.953,237.55162,0.918387097,6,3419,9056.46,0,1526,3/18/2020
12,5.870967742,94.089996,51,257.953,238.056396,0.918387097,6,4777,7294.05,0,1585,3/19/2020
35,5.870967742,91.110001,51,257.953,227.797562,0.918387097,6,3528,9072.16,0,1503,3/20/2020
44,5.870967742,69.93,51,257.953,221.97319,0.918387097,6,5836,7927.61,0,1069,3/21/2020
114,5.870967742,69.93,42,257.953,221.97319,0.918387097,6,8821,7299.22,0,1001,3/22/2020
114,5.870967742,69.93,42,257.953,221.97319,0.918387097,6,10934,10774.34,0,1171,3/23/2020
210,5.870967742,60.400002,42,257.953,242.084686,0.918387097,6,10115,9425.32,0,1254,3/24/2020
285,5.870967742,68,42,257.953,245.708725,0.918387097,6,13987,9936.96,0,1452,3/25/2020
385,5.870967742,59.18,42,257.953,260.055603,0.918387097,6,16916,10912.71,0,1570,3/26/2020
519,5.870967742,66.769997,42,257.953,252.309692,0.918387097,6,17965,10692.14,0,1495,3/27/2020
728,5.870967742,63.419998,42,257.953,260.503632,0.918387097,6,19332,9741.82,0,1171,3/28/2020
965,5.870967742,63.419998,37,257.953,260.503632,0.918387097,6,18251,9390.79,0,1056,3/29/2020
1218,5.870967742,63.419998,37,257.953,260.503632,0.918387097,6,22635,10846.48,0,1349,3/30/2020
1550,5.870967742,58.560001,37,257.953,256.620728,0.918387097,6,22562,1611.21,0,1378,3/31/2020
1941,69.26666667,65.93,37,255.902,245.071533,0.127333333,0,27043,9143.38,0,1319,4/1/2020
2373,69.26666667,60.41,37,255.902,250.726654,0.127333333,0,26135,11411.25,0,1312,4/2/2020
2935,69.26666667,56.59,37,255.902,247.102615,0.127333333,0,34864,10134.77,0,1269,4/3/2020
3565,69.26666667,50.599998,37,255.902,263.699554,0.127333333,0,30683,12568.31,0,1011,4/4/2020
4159,69.26666667,50.599998,35,255.902,263.699554,0.127333333,0,26065,11973.29,0,915,4/5/2020
4758,69.26666667,50.599998,35,255.902,263.699554,0.127333333,0,43438,15479.43,0,1255,4/6/2020
5489,69.26666667,52.700001,35,255.902,263.968384,0.127333333,0,21597,10840.38,0,1298,4/7/2020
6268,69.26666667,50.959999,35,255.902,272.829376,0.127333333,0,31534,8942.76,0,1229,4/8/2020
7067,69.26666667,49.470001,35,255.902,276.98114,0.127333333,0,31705,8109.37,0,1220,4/9/2020
7844,69.26666667,47.799999,35,255.902,274.45224,0.127333333,0,33251,5902.62,0,1157,4/10/2020
8627,69.26666667,47.799999,35,255.902,274.45224,0.127333333,0,33288,2483.51,0,886,4/11/2020
9385,69.26666667,47.799999,31,255.902,274.45224,0.127333333,0,29145,2929.12,0,774,4/12/2020
10056,69.26666667,47.799999,31,255.902,274.45224,0.127333333,0,24156,3067.72,0,1014,4/13/2020
10834,69.26666667,42.099998,31,255.902,282.546631,0.127333333,0,26385,3037.9,0,1155,4/14/2020
11586,69.26666667,47.220001,31,255.902,276.54306,0.127333333,0,27158,3153.87,0,1066,4/15/2020
12192,69.26666667,47.529999,31,255.902,277.877197,0.127333333,0,29164,2915.96,0,1060,4/16/2020
12822,69.26666667,44.650002,31,255.902,285.384155,0.127333333,0,29002,2906.9,0,1024,4/17/2020
13362,69.26666667,51.259998,31,255.902,280.356262,0.127333333,0,29916,2661.53,0,934,4/18/2020
13869,69.26666667,51.259998,31,255.902,280.356262,0.127333333,0,25995,2359.18,0,826,4/19/2020
14347,69.26666667,51.259998,31,255.902,280.356262,0.127333333,0,29468,3292.87,0,1088,4/20/2020
14828,69.26666667,57.439999,31,255.902,271.84375,0.127333333,0,26490,2971.86,0,911,4/21/2020
15302,69.26666667,53.380001,31,255.902,277.877197,0.127333333,0,25858,2868.01,0,960,4/22/2020
15740,69.26666667,53.099998,31,255.902,277.857239,0.127333333,0,37144,2858.35,0,863,4/23/2020
16162,69.26666667,48.700001,31,255.902,281.730225,0.127333333,0,29873,3015.85,136.5,849,4/24/2020
16599,69.26666667,43.099998,31,255.902,285.792328,0.127333333,0,33161,2661.33,281.44,832,4/25/2020
16966,69.26666667,43.099998,34,255.902,285.792328,0.127333333,0,29256,2714.59,283.96,648,4/26/2020
17303,69.26666667,43.099998,34,255.902,285.792328,0.127333333,0,23371,2954.22,283.28,950,4/27/2020
17638,69.26666667,44.18,34,255.902,284.478149,0.127333333,0,23901,2026.68,284.77,941,4/28/2020
18015,69.26666667,40.119999,34,255.902,291.925354,0.127333333,0,25512,2567.67,285.35,894,4/29/2020
18321,69.26666667,41.93,34,255.902,289.207336,0.127333333,0,31787,466.42,286.04,806,4/30/2020
18610,117.0645161,47.599998,34,255.768,281.551025,0.378064516,0,30369,2049.34,140.58,983,5/1/2020
18909,117.0645161,45.98,34,255.768,282.327606,0.378064516,0,29794,1987.42,239.93,755,5/2/2020
19189,117.0645161,45.98,34,255.768,282.327606,0.378064516,0,29763,2048.83,239.74,713,5/3/2020
19415,117.0645161,45.98,34,255.768,282.327606,0.378064516,0,19138,5647.51,240.61,1421,5/4/2020
19645,117.0645161,43.18,34,255.768,284.936127,0.378064516,0,22303,5473.96,240.44,2262,5/5/2020
19877,117.0645161,44.049999,34,255.768,283.004608,0.378064516,0,23366,4303.06,240.16,2313,5/6/2020
20828,117.0645161,41.27,34,255.768,286.419586,0.378064516,0,30861,4209.01,240.69,2195,5/7/2020
21045,117.0645161,37.049999,34,255.768,291.158722,0.378064516,0,25996,4520.64,240.59,2209,5/8/2020
21271,117.0645161,33.330002,34,255.768,291.218475,0.378064516,0,26660,4534.93,238.27,1637,5/9/2020
21478,117.0645161,33.330002,36,255.768,291.218475,0.378064516,0,23792,3929.38,240.63,1368,5/10/2020
21640,117.0645161,33.330002,36,255.768,291.218475,0.378064516,0,18106,5629.99,240.21,2132,5/11/2020
21845,117.0645161,38.400002,36,255.768,285.414032,0.378064516,0,21467,4473.01,240.71,2149,5/12/2020
22013,117.0645161,44.060001,36,255.768,280.366241,0.378064516,0,20869,3908.57,240.74,2043,5/13/2020
22170,117.0645161,40.75,36,255.768,283.721466,0.378064516,0,27191,3993.21,205.05,2089,5/14/2020
22304,117.0645161,39.23,36,255.768,285.025726,0.378064516,0,22977,3991.88,205.02,2007,5/15/2020
22478,117.0645161,35.439999,36,255.768,293.70752,0.378064516,0,31967,3756.68,205.55,1536,5/16/2020
22619,117.0645161,35.439999,37,255.768,293.70752,0.378064516,0,13284,4004.71,205.12,1408,5/17/2020
22729,117.0645161,35.439999,37,255.768,293.70752,0.378064516,0,24481,4913.39,204.9,2059,5/18/2020
22843,117.0645161,38,37,255.768,290.690796,0.378064516,0,23405,4449.79,205.21,2022,5/19/2020
22976,117.0645161,34.5,37,255.768,295.629059,0.378064516,0,22860,4673.63,203.38,2032,5/20/2020
23083,117.0645161,35.709999,37,255.768,293.588043,0.378064516,0,20522,4774.55,203.9,2022,5/21/2020
23195,117.0645161,35.279999,37,255.768,294.145599,0.378064516,0,24268,4500.78,205.49,1914,5/22/2020
23282,117.0645161,34.66,37,255.768,297.769623,0.378064516,0,26229,4185.95,205.71,1531,5/23/2020
23391,117.0645161,34.66,39,255.768,297.769623,0.378064516,0,15342,3999.38,205.67,1360,5/24/2020
23488,117.0645161,34.66,39,255.768,297.769623,0.378064516,0,24958,4337.61,205.73,1250,5/25/2020
23564,117.0645161,34.66,39,255.768,297.769623,0.378064516,0,16429,5361.09,205.74,1907,5/26/2020
23643,117.0645161,33.459999,39,255.768,302.200134,0.378064516,0,19680,5001.95,206.11,1851,5/27/2020
23722,117.0645161,35.380001,39,255.768,301.642609,0.378064516,0,21304,4970.31,204.67,1795,5/28/2020
23780,117.0645161,33.57,39,255.768,302.986694,0.378064516,0,18123,3765.26,206.25,1656,5/29/2020
23848,117.0645161,33.57,39,255.768,302.986694,0.378064516,0,23553,3309.83,207.1,1300,5/30/2020
23905,117.0645161,33.57,37,255.768,302.986694,0.378064516,0,26177,1816.68,208.05,1179,5/31/2020
23959,1007.266667,33.849998,37,257.797,305.549988,0.112666667,0,17435,4285.95,123.72,1589,6/1/2020
24023,1007.266667,32.490002,37,257.797,308.079987,0.112666667,0,21503,4398.5,153.68,1527,6/2/2020
24079,1007.266667,30.4,37,257.797,312.179993,0.112666667,0,19845,4504.36,154.11,1478,6/3/2020
24133,1007.266667,29.98,37,257.797,311.359985,0.112666667,0,21649,4346,154.27,1447,6/4/2020
24175,1007.266667,27.549999,37,257.797,319.339996,0.112666667,0,25400,4556.95,153.96,1465,6/5/2020
24212,1007.266667,27.549999,37,257.797,319.339996,0.112666667,0,21160,4152.31,154.03,1225,6/6/2020
24259,1007.266667,27.549999,42,257.797,319.339996,0.112666667,0,17916,3890.53,153.9,1089,6/7/2020
24299,1007.266667,28.469999,42,257.797,323.200012,0.112666667,0,17637,5292.15,154.04,1670,6/8/2020
24348,1007.266667,30.59,42,257.797,320.790009,0.112666667,0,18384,5322.61,154.16,1594,6/9/2020
24404,1007.266667,30.34,42,257.797,319,0.112666667,0,21110,6063.96,154.25,1543,6/10/2020
24442,1007.266667,45.560001,42,257.797,300.609985,0.112666667,0,23133,5226.07,151.86,1463,6/11/2020
24495,1007.266667,40.459999,42,257.797,304.209991,0.112666667,0,24866,5170.46,154.24,1458,6/12/2020
24527,1007.266667,40.459999,42,257.797,304.209991,0.112666667,0,25208,4368.61,154.48,1182,6/13/2020
24551,1007.266667,40.459999,49,257.797,304.209991,0.112666667,0,18948,4487.58,154,1170,6/14/2020
24579,1007.266667,38.799999,49,257.797,307.049988,0.112666667,0,19819,6146.26,154.77,1656,6/15/2020
24608,1007.266667,37.689999,49,257.797,312.959991,0.112666667,0,23670,5299.11,154.36,1555,6/16/2020
24629,1007.266667,37.529999,49,257.797,311.660004,0.112666667,0,27064,4913.53,154.67,1462,6/17/2020
24661,1007.266667,36.689999,49,257.797,311.779999,0.112666667,0,28525,4823.8,154.61,1473,6/18/2020
24686,1007.266667,37.5,49,257.797,308.640015,0.112666667,0,31563,4419.17,154,1589,6/19/2020
24710,1007.266667,37.5,49,257.797,308.640015,0.112666667,0,32270,3827.58,154.56,1186,6/20/2020
24725,1007.266667,37.5,60,257.797,308.640015,0.112666667,0,25148,3859.46,155.06,1101,6/21/2020
24739,1007.266667,34.720001,60,257.797,310.619995,0.112666667,0,32150,6104.81,154.98,1731,6/22/2020
24766,1007.266667,33.619999,60,257.797,312.049988,0.112666667,0,37077,6553.18,155.1,1660,6/23/2020
24782,1007.266667,37.09,60,257.797,304.089996,0.112666667,0,35874,5693.81,155.13,1666,6/24/2020
24800,1007.266667,34.900002,60,257.797,307.350006,0.112666667,0,40319,6409.44,154.89,1526,6/25/2020
24814,1007.266667,38.139999,60,257.797,300.049988,0.112666667,0,45993,6380.77,155.11,1666,6/26/2020
24830,1007.266667,38.139999,60,257.797,300.049988,0.112666667,0,41346,5386.87,155.53,1404,6/27/2020
24835,1007.266667,38.139999,70,257.797,300.049988,0.112666667,0,40731,5542.6,155.32,1406,6/28/2020
24842,1007.266667,35.380001,70,257.797,304.459991,0.112666667,0,41282,6498.75,155.66,1992,6/29/2020
24855,1007.266667,32.77,70,257.797,308.359985,0.112666667,0,46431,1237.99,155.86,1890,6/30/2020
24866,2263.580645,31.309999,70,259.101,310.519989,0.045806452,0,51819,6379.17,0,1852,7/1/2020
24877,2263.580645,30.370001,70,259.101,312.230011,0.045806452,0,56628,3569.11,0,1837,7/2/2020
24885,2263.580645,30.370001,70,259.101,312.230011,0.045806452,0,51360,2863.12,0,1981,7/3/2020
24896,2263.580645,30.370001,70,259.101,312.230011,0.045806452,0,45682,2758.98,0,1272,7/4/2020
24904,2263.580645,30.370001,75,259.101,312.230011,0.045806452,0,50769,2911.99,0,1396,7/5/2020
24913,2263.580645,30.360001,75,259.101,317.049988,0.045806452,0,43084,2966.7,0,2043,7/6/2020
24924,2263.580645,31.950001,75,259.101,313.779999,0.045806452,0,60654,2163.38,0,1997,7/7/2020
24944,2263.580645,30.73,75,259.101,316.179993,0.045806452,0,60120,1844.84,0,2011,7/8/2020
24959,2263.580645,31.5,75,259.101,314.380005,0.045806452,0,62496,1932.82,0,1837,7/9/2020
24968,2263.580645,30.23,75,259.101,317.589996,0.045806452,0,68055,1800.62,0,1714,7/10/2020
24974,2263.580645,30.23,75,259.101,317.589996,0.045806452,0,60018,1835.75,0,1520,7/11/2020
24979,2263.580645,30.23,69,259.101,317.589996,0.045806452,0,58453,1806.83,0,1409,7/12/2020
24989,2263.580645,34.560001,69,259.101,314.839996,0.045806452,0,58894,2252.04,0,2128,7/13/2020
24994,2263.580645,31.530001,69,259.101,318.920013,0.045806452,0,68035,4090.74,0,1953,7/14/2020
25003,2263.580645,30.23,69,259.101,321.850006,0.045806452,0,68121,4541.18,0,1910,7/15/2020
25014,2263.580645,29.5,69,259.101,320.790009,0.045806452,0,75819,3532.32,0,1894,7/16/2020
25024,2263.580645,27.950001,69,259.101,321.720001,0.045806452,0,72262,3252.8,0,2006,7/17/2020
25035,2263.580645,27.950001,69,259.101,321.720001,0.045806452,0,62537,2817.67,0,1487,7/18/2020
25048,2263.580645,27.950001,63,259.101,321.720001,0.045806452,0,60474,2715.47,0,1464,7/19/2020
25056,2263.580645,25.950001,63,259.101,324.320007,0.045806452,0,62091,3132.04,0,2066,7/20/2020
25058,2263.580645,26.299999,63,259.101,325.01001,0.045806452,0,64511,2472.24,0,1956,7/21/2020
25068,2263.580645,25.82,63,259.101,326.859985,0.045806452,0,70571,2120.41,0,1839,7/22/2020
25081,2263.580645,27.07,63,259.101,322.959991,0.045806452,0,68442,1583.74,0,1897,7/23/2020
25090,2263.580645,27.25,63,259.101,320.880005,0.045806452,0,73322,1774.65,0,1848,7/24/2020
25103,2263.580645,27.25,63,259.101,320.880005,0.045806452,0,64916,1371.06,0,1510,7/25/2020
25106,2263.580645,27.25,61,259.101,320.880005,0.045806452,0,54867,1481.18,0,1483,7/26/2020
25117,2263.580645,25.969999,61,259.101,323.220001,0.045806452,0,56757,2869.42,0,2060,7/27/2020
25126,2263.580645,25.82,61,259.101,321.170013,0.045806452,0,66459,3597.62,0,1990,7/28/2020
25132,2263.580645,25.030001,61,259.101,325.119995,0.045806452,0,71854,3782.7,0,1874,7/29/2020
25145,2263.580645,25.889999,61,259.101,323.959991,0.045806452,0,67455,3862.93,0,1821,7/30/2020
25150,2263.580645,25.049999,61,259.101,326.519989,0.045806452,0,68721,3362.15,0,1858,7/31/2020
25164,140.6451613,25.049999,61,259.918,326.519989,537.8703226,0,56182,2840.39,0,1525,8/1/2020
25170,140.6451613,25.049999,60,259.918,326.519989,537.8703226,0,45548,2793.07,0,1563,8/2/2020
25172,140.6451613,24.85,60,259.918,328.790009,537.8703226,0,45529,3880.58,0,2209,8/3/2020
25175,140.6451613,23.77,60,259.918,330.059998,537.8703226,0,58801,3368.96,0,1659,8/4/2020
25179,140.6451613,23,60,259.918,332.109985,537.8703226,0,54456,3899.53,0,1980,8/5/2020
25185,140.6451613,22.67,60,259.918,334.329987,537.8703226,0,59358,3939.76,0,2048,8/6/2020
25190,140.6451613,22.43,60,259.918,334.570007,537.8703226,0,59295,4056.53,0,1917,8/7/2020
25195,140.6451613,22.43,60,259.918,334.570007,537.8703226,0,54121,3955.4,0,1617,8/8/2020
25202,140.6451613,22.43,57,259.918,334.570007,537.8703226,0,45751,3582.82,0,1646,8/9/2020
25204,140.6451613,21.43,57,259.918,335.570007,537.8703226,0,47627,4967.88,0,2343,8/10/2020
25211,140.6451613,22.9,57,259.918,332.799988,537.8703226,0,47995,4316.26,0,2162,8/11/2020
25218,140.6451613,21.059999,57,259.918,337.440002,537.8703226,0,56055,4056.77,0,2117,8/12/2020
25228,140.6451613,21.030001,57,259.918,336.829987,537.8703226,0,51314,4107.87,0,2168,8/13/2020
25232,140.6451613,20.99,57,259.918,336.839996,537.8703226,0,65340,3933.61,0,2085,8/14/2020
25244,140.6451613,20.99,57,259.918,336.839996,537.8703226,0,46918,3331.43,0,1637,8/15/2020
25250,140.6451613,20.99,53,259.918,336.839996,537.8703226,0,39195,3171.63,0,1643,8/16/2020
25256,140.6451613,19.91,53,259.918,337.910004,537.8703226,0,36675,4432.22,0,2340,8/17/2020
25264,140.6451613,19.58,53,259.918,338.640015,537.8703226,0,45034,4221.49,0,2141,8/18/2020
25270,140.6451613,20.139999,53,259.918,337.230011,537.8703226,0,47359,4654.01,0,2120,8/19/2020
25275,140.6451613,19.82,53,259.918,338.279999,537.8703226,0,43843,4634.94,0,1983,8/20/2020
25278,140.6451613,19.92,53,259.918,339.480011,537.8703226,0,48747,4279.5,0,2015,8/21/2020
25282,140.6451613,19.92,53,259.918,339.480011,537.8703226,0,43067,3805.48,0,1586,8/22/2020
25288,140.6451613,19.92,49,259.918,339.480011,537.8703226,0,34264,3838.4,0,1580,8/23/2020
25295,140.6451613,19.799999,49,259.918,342.920013,537.8703226,0,36654,4994.53,0,2166,8/24/2020
25297,140.6451613,19.66,49,259.918,344.119995,537.8703226,0,40168,4300.39,0,2043,8/25/2020
25305,140.6451613,20.309999,49,259.918,347.570007,537.8703226,0,45359,3992.25,0,1907,8/26/2020
25309,140.6451613,21.23,49,259.918,348.329987,537.8703226,0,45230,3636.02,0,1843,8/27/2020
25312,140.6451613,21.110001,49,259.918,350.579987,537.8703226,0,46983,3349.47,0,1811,8/28/2020
25319,140.6451613,21.110001,49,259.918,350.579987,537.8703226,0,42695,3757.43,0,1558,8/29/2020
25327,140.6451613,21.110001,51,259.918,350.579987,537.8703226,0,34400,3441.51,0,1517,8/30/2020
25328,140.6451613,22.65,51,259.918,349.309998,537.8703226,0,35513,3808.81,0,2128,8/31/2020
25331,130.2,23.24,51,260.28,352.600006,472.659,0,41729,3129.01,0,2004,9/1/2020
25336,130.2,24.08,51,260.28,357.700012,472.659,0,41005,3402.33,0,1916,9/2/2020
25343,130.2,28.9,51,260.28,345.390015,472.659,0,44192,2922.72,0,1948,9/3/2020
25348,130.2,25.299999,51,260.28,342.570007,472.659,0,50460,2709.26,0,1975,9/4/2020
25350,130.2,25.299999,51,260.28,342.570007,472.659,0,43001,2345.5,0,1596,9/5/2020
25359,130.2,25.299999,51,260.28,342.570007,472.659,0,31311,2502.39,0,1521,9/6/2020
25361,130.2,25.299999,51,260.28,342.570007,472.659,0,23508,2719.36,0,1584,9/7/2020
25367,130.2,24.32,51,260.28,333.209991,472.659,0,27469,3398.95,0,2131,9/8/2020
25370,130.2,22.440001,51,260.28,339.790009,472.659,0,33911,3149.67,0,2106,9/9/2020
25377,130.2,22.780001,51,260.28,333.890015,472.659,0,36173,3250.18,0,2014,9/10/2020
25382,130.2,20.799999,51,260.28,334.059998,472.659,0,47724,3566.96,0,1987,9/11/2020
25384,130.2,20.799999,51,260.28,334.059998,472.659,0,41126,2916.21,0,1594,9/12/2020
25390,130.2,20.799999,49,260.28,334.059998,472.659,0,34297,2952.77,0,1694,9/13/2020
25394,130.2,20.23,49,260.28,338.459991,472.659,0,34426,3738.37,0,2131,9/14/2020
25405,130.2,20.190001,49,260.28,340.170013,472.659,0,39556,3640.93,0,2058,9/15/2020
25410,130.2,20.059999,49,260.28,338.820007,472.659,0,38924,3588.36,0,2133,9/16/2020
25413,130.2,19.450001,49,260.28,335.839996,472.659,0,45225,3818.21,0,2071,9/17/2020
25423,130.2,19.41,49,260.28,330.649994,472.659,0,49243,3701.29,0,1982,9/18/2020
25425,130.2,19.41,49,260.28,330.649994,472.659,0,42154,2801.95,0,1523,9/19/2020
25427,130.2,19.41,51,260.28,330.649994,472.659,0,38404,2698.56,0,1500,9/20/2020
25428,130.2,20.299999,51,260.28,326.970001,472.659,0,52039,4022.67,0,2293,9/21/2020
25432,130.2,20.549999,51,260.28,330.299988,472.659,0,39850,4913.81,0,2176,9/22/2020
25437,130.2,22.209999,51,260.28,322.640015,472.659,0,39072,4796.59,0,2117,9/23/2020
25439,130.2,21.6,51,260.28,323.5,472.659,0,47103,4054.95,0,2138,9/24/2020
25446,130.2,20.780001,51,260.28,328.730011,472.659,0,48275,4031.77,0,2142,9/25/2020
25450,130.2,20.780001,51,260.28,328.730011,472.659,0,44649,3983.54,0,1704,9/26/2020
25456,130.2,20.780001,53,260.28,328.730011,472.659,0,37544,2641.27,0,1765,9/27/2020
25468,130.2,20.65,53,260.28,334.190002,472.659,0,33255,5112.99,0,2424,9/28/2020
25470,130.2,20.030001,53,260.28,332.369995,472.659,0,43420,5090.85,0,2379,9/29/2020
25479,130.2,19.92,53,260.28,334.890015,472.659,0,39431,3728.85,0,2188,9/30/2020
25490,457.8064516,20.110001,53,260.388,337.040009,36.10258065,1,45654,5548.57,0,2280,10/1/2020
25497,457.8064516,21.030001,53,260.388,333.839996,36.10258065,1,54858,5960.02,0,2311,10/2/2020
25505,457.8064516,21.030001,53,260.388,333.839996,36.10258065,1,48595,5625.25,0,1910,10/3/2020
25519,457.8064516,21.030001,59,260.388,333.839996,36.10258065,1,35767,5155.56,0,2006,10/4/2020
25527,457.8064516,20.030001,59,260.388,339.76001,36.10258065,1,39466,6450.26,0,2780,10/5/2020
25536,457.8064516,20.41,59,260.388,334.929993,36.10258065,1,45200,4861.6,0,2616,10/6/2020
25545,457.8064516,19.459999,59,260.388,340.76001,36.10258065,1,51081,4056.8,0,2615,10/7/2020
25555,457.8064516,18.33,59,260.388,343.779999,36.10258065,1,58593,3363.24,0,2586,10/8/2020
25561,457.8064516,16.889999,59,260.388,346.850006,36.10258065,1,56358,2727.82,0,2533,10/9/2020
25569,457.8064516,16.889999,59,260.388,346.850006,36.10258065,1,54959,2218,0,1995,10/10/2020
25574,457.8064516,16.889999,61,260.388,346.850006,36.10258065,1,45902,2131.28,0,1900,10/11/2020
25587,457.8064516,16.389999,61,260.388,352.429993,36.10258065,1,41873,2701.97,0,2586,10/12/2020
25598,457.8064516,16.67,61,260.388,350.130005,36.10258065,1,52235,2946.78,0,2544,10/13/2020
25605,457.8064516,16.440001,61,260.388,347.929993,36.10258065,1,59777,2970.11,0,2501,10/14/2020
25618,457.8064516,16.67,61,260.388,347.5,36.10258065,1,64860,2956.25,0,2365,10/15/2020
25628,457.8064516,16.790001,61,260.388,347.290009,36.10258065,1,69169,2874.16,0,2361,10/16/2020
25637,457.8064516,16.790001,61,260.388,347.290009,36.10258065,1,56711,2190.2,0,1847,10/17/2020
25644,457.8064516,16.790001,61,260.388,347.290009,36.10258065,1,49351,2378.86,0,1816,10/18/2020
25659,457.8064516,17.93,61,260.388,342.01001,36.10258065,1,67775,4130.18,0,2666,10/19/2020
25672,457.8064516,17.9,61,260.388,343.380005,36.10258065,1,61966,3475.58,0,2592,10/20/2020
25679,457.8064516,17.27,61,260.388,342.730011,36.10258065,1,63257,3571.21,0,2535,10/21/2020
25694,457.8064516,16.68,61,260.388,344.609985,36.10258065,1,76342,3830.36,0,2400,10/22/2020
25705,457.8064516,16.719999,61,260.388,345.779999,36.10258065,1,81881,4018.26,0,2463,10/23/2020
25718,457.8064516,16.719999,61,260.388,345.779999,36.10258065,1,82794,2971.99,0,1939,10/24/2020
25730,457.8064516,16.719999,64,260.388,345.779999,36.10258065,1,62113,2744.43,0,1858,10/25/2020
25742,457.8064516,18.99,64,260.388,339.390015,36.10258065,1,67422,4850.04,0,2695,10/26/2020
25758,457.8064516,19.07,64,260.388,338.220001,36.10258065,1,76793,3340.82,0,2603,10/27/2020
25773,457.8064516,23.139999,64,260.388,326.660004,36.10258065,1,79416,3485.92,0,2568,10/28/2020
25792,457.8064516,20.68,64,260.388,329.980011,36.10258065,1,91095,3664.99,0,2471,10/29/2020
25804,457.8064516,21.58,64,260.388,326.540009,36.10258065,1,99130,13.09,0,2474,10/30/2020
25807,457.8064516,21.58,64,260.388,326.540009,36.10258065,1,89774,0,0,2025,10/31/2020
25824,1537.633333,21.58,61,260.229,326.540009,22.66933333,1,104924,2447.11,0,1965,11/1/2020
25838,1537.633333,20.879999,61,260.229,330.200012,22.66933333,1,85306,4153.29,0,2849,11/2/2020
25853,1537.633333,19.18,61,260.229,336.029999,22.66933333,1,127115,3706.02,0,2798,11/3/2020
25868,1537.633333,16.67,61,260.229,343.540009,22.66933333,1,104607,4006.24,0,2780,11/4/2020
25892,1537.633333,16.209999,61,260.229,350.23999,22.66933333,1,129354,3876.67,0,2929,11/5/2020
25910,1537.633333,14.67,61,260.229,350.160004,22.66933333,1,128000,4140.87,0,2936,11/6/2020
25928,1537.633333,14.67,61,260.229,350.160004,22.66933333,1,127311,3374.03,0,2328,11/7/2020
25947,1537.633333,14.67,85,260.229,350.160004,22.66933333,1,115216,4242.51,0,2243,11/8/2020
25973,1537.633333,14.18,85,260.229,354.559998,22.66933333,1,120572,5642.85,0,3189,11/9/2020
26005,1537.633333,13.49,85,260.229,354.040009,22.66933333,1,140498,5394.88,0,3129,11/10/2020
26026,1537.633333,13.06,85,260.229,356.670013,22.66933333,1,146626,5674.9,0,3343,11/11/2020
26055,1537.633333,14.37,85,260.229,353.209991,22.66933333,1,164833,6480.88,0,3286,11/12/2020
26079,1537.633333,13.05,85,260.229,358.100006,22.66933333,1,180389,5958.78,0,3219,11/13/2020
26103,1537.633333,13.05,85,260.229,358.100006,22.66933333,1,167765,5723.22,0,2586,11/14/2020
26133,1537.633333,13.05,100,260.229,358.100006,22.66933333,1,136221,5350.88,0,2532,11/15/2020
26159,1537.633333,12.6,100,260.229,362.570007,22.66933333,1,162942,9378.38,0,3625,11/16/2020
26189,1537.633333,12.25,100,260.229,360.619995,22.66933333,1,163922,6925.4,0,3641,11/17/2020
26225,1537.633333,12.88,100,260.229,356.279999,22.66933333,1,173178,3107.64,0,3479,11/18/2020
26257,1537.633333,12.6,100,260.229,357.779999,22.66933333,1,191543,70.58,0,3477,11/19/2020
26292,1537.633333,12.51,100,260.229,355.329987,22.66933333,1,198299,138.99,0,3629,11/20/2020
26326,1537.633333,12.51,100,260.229,355.329987,22.66933333,1,179273,147.39,0,3006,11/21/2020
26357,1537.633333,12.51,92,260.229,355.329987,22.66933333,1,146778,158.69,0,3004,11/22/2020
26390,1537.633333,12.3,92,260.229,357.459991,22.66933333,1,174450,118.98,0,4112,11/23/2020
26441,1537.633333,11.99,92,260.229,363.220001,22.66933333,1,175517,191.86,0,3908,11/24/2020
26482,1537.633333,11.3,92,260.229,362.660004,22.66933333,1,183287,154.73,0,3683,11/25/2020
26549,1537.633333,11.3,92,260.229,362.660004,22.66933333,1,112323,64.72,0,2218,11/26/2020
26588,1537.633333,11.44,92,260.229,363.670013,22.66933333,1,208187,102.38,0,3204,11/27/2020
26632,1537.633333,11.44,92,260.229,363.670013,22.66933333,1,155530,82.63,0,2615,11/28/2020
26690,1537.633333,11.44,82,260.229,363.670013,22.66933333,1,140235,82.08,0,2656,11/29/2020
26747,1537.633333,11.15,82,260.229,362.059998,22.66933333,1,160570,92.59,0,3286,11/30/2020
26816,843.1935484,11.29,82,260.474,366.019989,525.3267742,7,188217,77.93,0,3326,12/1/2020
26889,843.1935484,11.19,82,260.474,366.790009,525.3267742,7,202555,153.91,0,3304,12/2/2020
26955,843.1935484,11.35,82,260.474,366.690002,525.3267742,7,223610,125.36,0,3342,12/3/2020
27017,843.1935484,11.06,82,260.474,369.850006,525.3267742,7,232785,141.97,0,3296,12/4/2020
27089,843.1935484,11.06,82,260.474,369.850006,525.3267742,7,215546,72.23,0,2536,12/5/2020
27149,843.1935484,11.06,79,260.474,369.850006,525.3267742,7,181011,128.55,0,2578,12/6/2020
27232,843.1935484,11.12,79,260.474,369.089996,525.3267742,7,194861,187.69,0,3296,12/7/2020
27307,843.1935484,10.57,79,260.474,370.170013,525.3267742,7,224490,97.16,0,3217,12/8/2020
27404,843.1935484,11.14,79,260.474,366.850006,525.3267742,7,222535,179.3,0,3328,12/9/2020
27498,843.1935484,11.28,79,260.474,366.730011,525.3267742,7,231516,121.59,0,3289,12/10/2020
27587,843.1935484,11.94,79,260.474,366.299988,525.3267742,7,239976,129.15,0,3286,12/11/2020
27675,843.1935484,11.94,79,260.474,366.299988,525.3267742,7,217385,33.59,0,2794,12/12/2020
27785,843.1935484,11.94,86,260.474,366.299988,525.3267742,7,187804,34.59,0,2781,12/13/2020
27870,843.1935484,12.36,86,260.474,364.660004,525.3267742,7,193712,93.26,0,3631,12/14/2020
28002,843.1935484,11.48,86,260.474,369.589996,525.3267742,7,210104,82.16,0,3623,12/15/2020
28100,843.1935484,10.91,86,260.474,370.170013,525.3267742,7,246644,79.29,0,3351,12/16/2020
28222,843.1935484,10.68,86,260.474,372.23999,525.3267742,7,239678,89.96,0,2686,12/17/2020
28344,843.1935484,11.02,86,260.474,369.179993,525.3267742,7,251935,68.42,0,3442,12/18/2020
28474,843.1935484,11.02,86,260.474,369.179993,525.3267742,7,191894,49.53,0,2824,12/19/2020
28598,843.1935484,11.02,89,260.474,369.179993,525.3267742,7,187746,108.4,0,2965,12/20/2020
28709,843.1935484,12.25,89,260.474,367.859985,525.3267742,7,199099,138.49,0,3928,12/21/2020
28850,843.1935484,11.97,89,260.474,367.23999,525.3267742,7,198067,117.52,0,3862,12/22/2020
29016,843.1935484,11.26,89,260.474,367.570007,525.3267742,7,229561,43.9,0,3805,12/23/2020
29149,843.1935484,10.76,89,260.474,369,525.3267742,7,194166,0,0,2545,12/24/2020
29270,843.1935484,10.76,89,260.474,369,525.3267742,7,97615,0,0,2027,12/25/2020
29396,843.1935484,10.76,89,260.474,369,525.3267742,7,226303,0,0,2738,12/26/2020
29511,843.1935484,10.76,97,260.474,369,525.3267742,7,155634,0,0,2706,12/27/2020
29629,843.1935484,10.69,97,260.474,372.170013,525.3267742,7,174651,0,0,3631,12/28/2020
29756,843.1935484,11.28,97,260.474,371.459991,525.3267742,7,200191,0,0,3504,12/29/2020
29905,843.1935484,10.7,97,260.474,371.98999,525.3267742,7,233634,0,0,3630,12/30/2020
30040,843.1935484,10.65,97,260.474,373.880005,525.3267742,7,235565,0,0,2956,12/31/2020
30208,58.06451613,10.65,97,258.811,373.880005,3.454193548,6,153510,0,0,3215,1/1/2021
30337,58.06451613,10.65,97,258.811,373.880005,3.454193548,6,300416,0,0,2842,1/2/2021
30476,58.06451613,10.65,85,258.811,373.880005,3.454193548,6,208741,0,0,2816,1/3/2021
30648,58.06451613,12.03,85,258.811,368.790009,3.454193548,6,184299,0,0,3565,1/4/2021
30802,58.06451613,11.47,85,258.811,371.329987,3.454193548,6,235048,0,0,3572,1/5/2021
30965,58.06451613,11.35,85,258.811,373.549988,3.454193548,6,255389,0,0,3410,1/6/2021
31164,58.06451613,10.35,85,258.811,379.100006,3.454193548,6,278065,0,0,3307,1/7/2021
31329,58.06451613,10.21,85,258.811,381.26001,3.454193548,6,293247,0,0,3205,1/8/2021
31519,58.06451613,10.21,85,258.811,381.26001,3.454193548,6,262657,0,0,2579,1/9/2021
31672,58.06451613,10.21,74,258.811,381.26001,3.454193548,6,213268,0,0,2610,1/10/2021
31841,58.06451613,11.09,74,258.811,378.690002,3.454193548,6,214982,0,0,3292,1/11/2021
32007,58.06451613,10.57,74,258.811,378.769989,3.454193548,6,226954,0,0,3166,1/12/2021
32175,58.06451613,10.32,74,258.811,379.790009,3.454193548,6,230349,0,0,3068,1/13/2021
32379,58.06451613,10.49,74,258.811,378.459991,3.454193548,6,235614,0,0,2957,1/14/2021
32566,58.06451613,10.9,74,258.811,375.700012,3.454193548,6,242748,0,0,2942,1/15/2021
32725,58.06451613,10.9,74,258.811,375.700012,3.454193548,6,201639,0,0,2461,1/16/2021
32897,58.06451613,10.9,67,258.811,375.700012,3.454193548,6,177793,0,0,2285,1/17/2021
33052,58.06451613,10.9,67,258.811,375.700012,3.454193548,6,143391,0,0,3137,1/18/2021
33224,58.06451613,10.42,67,258.811,378.649994,3.454193548,6,176738,0,0,2879,1/19/2021
33415,58.06451613,10.13,67,258.811,383.890015,3.454193548,6,183204,0,0,2979,1/20/2021
33594,58.06451613,10,67,258.811,384.23999,3.454193548,6,193750,0,0,3127,1/21/2021
33763,58.06451613,10.19,67,258.811,382.880005,3.454193548,6,190677,0,0,3039,1/22/2021
33907,58.06451613,10.19,67,258.811,382.880005,3.454193548,6,170622,0,0,2464,1/23/2021
34069,58.06451613,10.19,62,258.811,382.880005,3.454193548,6,131031,0,0,2376,1/24/2021
34242,58.06451613,10.85,62,258.811,384.390015,3.454193548,6,151969,0,0,3164,1/25/2021
34407,58.06451613,10.55,62,258.811,383.790009,3.454193548,6,147570,0,0,3033,1/26/2021
34579,58.06451613,13.87,62,258.811,374.410004,3.454193548,6,153239,0,0,3010,1/27/2021
34742,58.06451613,13.44,62,258.811,377.630005,3.454193548,6,169260,0,0,3093,1/28/2021
34893,58.06451613,14.64,62,258.811,370.070007,3.454193548,6,166494,0,0,2943,1/29/2021
35036,58.06451613,14.64,62,258.811,370.070007,3.454193548,6,142322,0,0,2376,1/30/2021
35178,58.06451613,14.64,57,258.811,370.070007,3.454193548,6,112019,0,0,2440,1/31/2021
35319,239.4642857,13.44,57,261.582,376.230011,8.914642857,15,135173,0,0,549,2/1/2021
35466,239.4642857,11.72,57,261.582,381.549988,8.914642857,15,115333,0,0,2785,2/2/2021
35631,239.4642857,10.83,57,261.582,381.850006,8.914642857,15,121611,0,0,3051,2/3/2021
35767,239.4642857,10.12,57,261.582,386.190002,8.914642857,15,123924,86.82,0,3038,2/4/2021
35920,239.4642857,10.05,57,261.582,387.709991,8.914642857,15,134362,289.51,0,2830,2/5/2021
36079,239.4642857,10.05,57,261.582,387.709991,8.914642857,15,103987,187.93,0,2378,2/6/2021
36224,239.4642857,10.05,54,261.582,387.709991,8.914642857,15,89659,187.89,0,1885,2/7/2021
36339,239.4642857,9.98,54,261.582,390.51001,8.914642857,15,90343,217.01,0,2906,2/8/2021
36481,239.4642857,10.01,54,261.582,390.25,8.914642857,15,95620,239.04,0,3145,2/9/2021
36619,239.4642857,10.25,54,261.582,390.079987,8.914642857,15,95139,205.89,0,3368,2/10/2021
36743,239.4642857,9.91,54,261.582,390.709991,8.914642857,15,105697,232.9,0,3180,2/11/2021
36882,239.4642857,9.42,54,261.582,392.640015,8.914642857,15,99609,407.91,0,3303,2/12/2021
37009,239.4642857,9.42,54,261.582,392.640015,8.914642857,15,87119,815.22,0,2462,2/13/2021
37118,239.4642857,9.42,50,261.582,392.640015,8.914642857,15,65020,626.16,0,2254,2/14/2021
37221,239.4642857,9.42,50,261.582,392.640015,8.914642857,15,54194,969.89,0,3118,2/15/2021
37328,239.4642857,9.56,50,261.582,392.299988,8.914642857,15,62724,922.04,0,3110,2/16/2021
37440,239.4642857,9.24,50,261.582,392.390015,8.914642857,15,70104,1257.05,0,2919,2/17/2021
37556,239.4642857,9.35,50,261.582,390.720001,8.914642857,15,69556,2010.39,0,2333,2/18/2021
37675,239.4642857,8.81,50,261.582,390.029999,8.914642857,15,79595,2357.68,0,2795,2/19/2021
37776,239.4642857,8.81,50,261.582,390.029999,8.914642857,15,71514,2232.99,0,2365,2/20/2021
37851,239.4642857,8.81,54,261.582,390.029999,8.914642857,15,57051,2142.65,0,2633,2/21/2021
37941,239.4642857,9.36,54,261.582,387.029999,8.914642857,15,56223,3502.81,0,3299,2/22/2021
38031,239.4642857,8.79,54,261.582,387.5,8.914642857,15,72255,4024.26,0,3243,2/23/2021
